<?xml version="1.0" encoding="UTF-8"?>
<project-private xmlns="http://www.netbeans.org/ns/project-private/1">
    <editor-bookmarks xmlns="http://www.netbeans.org/ns/editor-bookmarks/2" lastBookmarkId="0"/>
    <open-files xmlns="http://www.netbeans.org/ns/projectui-open-files/2">
        <group>
            <file>file:/C:/Users/mones/Desktop/Uni%20Yr2/Group%20Proj/CW2/frontEndPages1/src/frontendpages1/menuBar.java</file>
            <file>file:/C:/Users/mones/Desktop/Uni%20Yr2/Group%20Proj/CW2/frontEndPages1/src/frontendpages1/loginView.java</file>
            <file>file:/C:/Users/mones/Desktop/Uni%20Yr2/Group%20Proj/CW2/frontEndPages1/src/frontendpages1/ProgressView.java</file>
            <file>file:/C:/Users/mones/Desktop/Uni%20Yr2/Group%20Proj/CW2/frontEndPages1/src/frontendpages1/DlgHistoryView.java</file>
        </group>
    </open-files>
</project-private>
